,precision,recall,f1-score,support
no_tumor,1.0,0.5625,0.72,16.0
tumor,0.6956521739130435,1.0,0.8205128205128205,16.0
accuracy,0.78125,0.78125,0.78125,0.78125
macro avg,0.8478260869565217,0.78125,0.7702564102564102,32.0
weighted avg,0.8478260869565217,0.78125,0.7702564102564102,32.0
