accuracy,loss,precision,recall,val_accuracy,val_loss,val_precision,val_recall,learning_rate
0.5420560836791992,0.6755061745643616,0.5400000214576721,0.5094339847564697,0.4736842215061188,0.7049110531806946,0.4736842215061188,1.0,0.0010000000474974513
0.663551390171051,0.5850009918212891,0.7179487347602844,0.5283018946647644,0.4736842215061188,0.775539219379425,0.4736842215061188,1.0,0.0010000000474974513
0.7943925261497498,0.5051733255386353,0.7924528121948242,0.7924528121948242,0.4736842215061188,1.0525140762329102,0.4736842215061188,1.0,0.0010000000474974513
0.8785046935081482,0.34595561027526855,0.8846153616905212,0.8679245114326477,0.4736842215061188,1.340133786201477,0.4736842215061188,1.0,0.0005000000237487257
0.9065420627593994,0.2919400632381439,0.8644067645072937,0.9622641801834106,0.4736842215061188,1.789359211921692,0.4736842215061188,1.0,0.0005000000237487257
